{"predictions":[{"embeddings":{"statistics":{"token_count":2,"truncated":false},"values":[0.04446852207183838,0.0073958346620202065,0.00800256710499525,0.03837786987423897,0.046418316662311554,-0.0052429791539907455,0.017422297969460487,0.0038591998163610697,-0.016187187284231186,0.010351876728236675,-0.0009773969650268555,0.005220463033765554,0.009650954976677895,-0.014256653375923634,-0.02957252413034439,0.0131946736946702,-0.04789675027132034,-0.03800588101148605,0.027158014476299286,-0.0007704895688220859,-0.11766456067562103,-0.02647126093506813,0.031185908243060112,0.023600265383720398,-0.04468540474772453,-0.08287350833415985,0.032815948128700256,-0.01184341125190258,-0.0012564980424940586,-0.015948805958032608,0.03837591037154198,0.005388425197452307,0.014845682308077812,-0.0403117910027504,0.008806854486465454,0.036711495369672775,-0.028757954016327858,-0.00942722987383604,0.02453792840242386,0.015621034428477287,0.01730664074420929,-0.029029402881860733,0.022975891828536987,0.022934559732675552,-0.03855391591787338,0.025167228654026985,-0.01131656114012003,-0.0042946832254529,-0.037477243691682816,-0.027702316641807556,-0.009806052781641483,-0.004042436368763447,-0.011928368359804153,0.017944758757948875,0.011088387109339237,0.011988933198153973,-0.052450329065322876,-0.0014543173601850867,-0.0445898175239563,0.0019808870274573565,-0.0010673516662791371,0.004601724911481142,0.02732621319591999,-0.04380842670798302,-0.041349828243255615,0.014101621694862843,0.015476519241929054,0.014303107745945454,-0.001007365295663476,-0.0498032383620739,0.04009433835744858,0.022446559742093086,0.00024634378496557474,-0.030553242191672325,0.012740152888000011,0.03532230108976364,0.004778026137501001,0.007416923996061087,0.04034026712179184,-0.045883659273386,-0.03913776949048042,-0.035665880888700485,-0.013065079227089882,-0.1019337847828865,0.03290484473109245,-0.02888578362762928,0.04653672128915787,0.06511068344116211,-0.057871464639902115,0.05800364166498184,-0.04347042366862297,0.00295390747487545,-0.013865824788808823,0.043125949800014496,0.01037903968244791,-0.024876190349459648,-0.006151060573756695,0.01691882684826851,-0.012311646714806557,-0.009492333047091961,0.008826885372400284,0.0058520641177892685,0.028660807758569717,-0.018086140975356102,0.02116844616830349,-0.016687609255313873,-0.011426763609051704,0.0352746844291687,-0.018714813515543938,-0.08256984502077103,-0.04006842523813248,0.02919679693877697,-0.055948227643966675,0.027601933106780052,0.01786508783698082,-0.053935348987579346,-0.01036758255213499,0.010798786766827106,0.028048545122146606,0.04185982421040535,-0.06963969022035599,-0.01743604615330696,0.01290516834706068,0.00019294506637379527,0.055284880101680756,0.023883003741502762,-0.0021341994870454073,-0.020116614177823067,0.01670648902654648,-0.001915203989483416,0.024884017184376717,-0.004114835988730192,0.056835681200027466,-0.030060987919569016,-0.039435114711523056,0.0139689352363348,-0.02123912237584591,-0.024086616933345795,-0.01550526823848486,0.027803903445601463,-0.021890416741371155,0.018489914014935493,0.015251063741743565,0.030180146917700768,-0.03763215243816376,-0.06660173833370209,0.027105089277029037,-0.017806246876716614,-0.04453954100608826,-0.007731047458946705,0.0015283325919881463,-0.013836131431162357,0.03904236853122711,0.04930383712053299,0.0739269107580185,0.06486120820045471,-0.017313091084361076,0.0372767336666584,0.015721870586276054,-0.0417814627289772,0.008749295026063919,-0.01385947410017252,-0.018602944910526276,-0.004274794366210699,0.004577175248414278,-0.05104585364460945,-0.04898484796285629,0.02705474942922592,-0.002189148450270295,0.05672244355082512,0.048762302845716476,-0.15544970333576202,-0.04857775941491127,0.01864692009985447,0.1031191349029541,-0.019991939887404442,0.00678057549521327,-0.04184833541512489,0.009944253601133823,-0.026227863505482674,-0.03795151039958,-0.10469697415828705,0.013222198002040386,-0.008610006421804428,-0.03446335345506668,-0.020757801830768585,-0.024038448929786682,-0.050879091024398804,-0.0038955502677708864,0.07504616677761078,-0.021605683490633965,-0.004036680795252323,0.026660602539777756,-0.06266994029283524,-0.024884318932890892,-0.009180845692753792,0.017816493287682533,-0.09792156517505646,-0.03412601724267006,0.04669320955872536,0.004583525937050581,-0.021905791014432907,-0.027467921376228333,-0.003632318926975131,-0.009438334964215755,-0.01298404112458229,-0.08772911876440048,0.051406826823949814,0.003965185489505529,-0.01244388148188591,0.009440628811717033,-0.04781820625066757,0.020953994244337082,-0.002267537172883749,-0.01925845444202423,-0.043816179037094116,-0.009144728071987629,-0.01974497176706791,-0.051953598856925964,-0.03631613031029701,-0.01947622373700142,-0.0078076464124023914,-0.05208499729633331,0.035756658762693405,0.033323734998703,0.01046451274305582,0.029655998572707176,0.01830531284213066,0.00926478672772646,-0.025955721735954285,-0.04285058006644249,0.0045289816334843636,-0.01106331218034029,-0.0032599233090877533,0.0050777653232216835,-0.004395429044961929,0.03900546953082085,0.013167260214686394,-0.04436226934194565,0.038730841130018234,0.023889342322945595,0.09083481132984161,0.01569555699825287,0.05162268877029419,-0.03352987393736839,0.043645624071359634,-0.0033961012959480286,0.018619338050484657,0.030681997537612915,-0.008973035961389542,0.03089986927807331,-0.08852216601371765,0.018918735906481743,0.010198015719652176,0.007609983440488577,0.03272922709584236,-0.03458082675933838,0.020718419924378395,-0.006298722233623266,0.03031504712998867,-0.006338592153042555,0.002699274802580476,0.003578555304557085,0.14966268837451935,-0.09105967730283737,-0.027650805190205574,-0.02921057678759098,0.03647783398628235,0.06536968052387238,-0.028623482212424278,-0.05167555809020996,-0.002607660135254264,0.08586335927248001,0.01099346298724413,-0.002251395955681801,0.008113273419439793,-0.012762333266437054,0.01057361625134945,0.014015275053679943,0.05417923256754875,0.018652955070137978,0.024790478870272636,-0.014908346347510815,0.08141709864139557,0.011741725727915764,-0.024596212431788445,-0.01650223881006241,0.04919169098138809,-0.04343479499220848,0.0032817393075674772,0.01739554852247238,-0.0027383477427065372,-0.04117197170853615,0.025954363867640495,-0.006474704016000032,-0.0004237375105731189,0.0390360988676548,0.011072387918829918,-0.014284655451774597,0.020545734092593193,-0.03251432627439499,-0.01358040515333414,-0.0024736628402024508,-0.08606793731451035,-0.020767852663993835,-0.02447454445064068,0.01432671956717968,0.01859745942056179,0.03336339071393013,0.009257609024643898,-0.02269287407398224,-0.014838035218417645,0.012543482705950737,-0.016760343685746193,-0.030665399506688118,0.0336545966565609,-0.02188918925821781,-0.035949889570474625,-0.05106446146965027,0.03658910468220711,-0.04464643448591232,0.022341955453157425,0.12914903461933136,-0.034357938915491104,0.016136841848492622,-0.014777373522520065,0.017001813277602196,-0.005345913115888834,0.017051178961992264,-0.06669218838214874,0.0017885552952066064,0.03967920318245888,-0.037214796990156174,0.030811075121164322,0.03735837712883949,-0.0072353314608335495,-0.05617053061723709,0.000516079890076071,0.0013215540675446391,-0.11030247807502747,0.008110485039651394,-0.03297239542007446,-0.004924386274069548,-0.05227808281779289,0.014421147294342518,0.060248419642448425,-0.026111755520105362,-0.04479806497693062,-0.032775454223155975,0.003305343445390463,-0.010447354055941105,0.01938294619321823,-0.038801975548267365,0.03318829461932182,-0.038545820862054825,0.014676149934530258,-0.04127029702067375,-0.0031360003631561995,0.013619128614664078,-0.00459030456840992,-0.0117970434948802,-0.020922040566802025,-0.06919655948877335,0.07017622888088226,-0.026956787332892418,0.060034725815057755,-0.06283377856016159,0.022185292094945908,0.020699327811598778,-0.032407186925411224,0.020296603441238403,-0.016771486029028893,-0.021320104598999023,-0.008909877389669418,